{
  "excel_total": 301,
  "site_total": 416,
  "common": 301,
  "missing_in_site": 0,
  "extra_in_site": 115,
  "missing_pilier": 0,
  "missing_secondaire": 0,
  "missing_cities_details": [],
  "common_cities": [
    "Abbeville",
    "Agde",
    "Agen",
    "Aix-en-Provence",
    "Aix-les-Bains",
    "Ajaccio",
    "Albertville",
    "Albi",
    "Alençon",
    "Alès",
    "Ambarès-et-Lagrave",
    "Ambérieu-en-Bugey",
    "Amiens",
    "Angers",
    "Angoulême",
    "Annecy",
    "Annemasse",
    "Annonay",
    "Antibes",
    "Antony",
    "Argenteuil",
    "Arles",
    "Armentières",
    "Arras",
    "Aubagne",
    "Auch",
    "Aulnay-sous-Bois",
    "Aurillac",
    "Auxerre",
    "Avignon",
    "Bagnols-sur-Cèze",
    "Bastia",
    "Bayonne",
    "Beaucaire",
    "Beaune",
    "Beaupréau-en-Mauges",
    "Beauvais",
    "Belfort",
    "Bergerac",
    "Besançon",
    "Béthune",
    "Béziers",
    "Biscarrosse",
    "Blois",
    "Bordeaux",
    "Boulogne-Billancourt",
    "Boulogne-sur-Mer",
    "Bourg-en-Bresse",
    "Bourges",
    "Bourgoin-Jallieu",
    "Bressuire",
    "Brest",
    "Brétigny-sur-Orge",
    "Brignoles",
    "Brive-la-Gaillarde",
    "Bruz",
    "Caen",
    "Cahors",
    "Calais",
    "Cambrai",
    "Carcassonne",
    "Carpentras",
    "Castanet-Tolosan",
    "Castres",
    "Cavaillon",
    "Cergy",
    "Cestas",
    "Challans",
    "Chalon-sur-Saône",
    "Châlons-en-Champagne",
    "Chambéry",
    "Champigny-sur-Marne",
    "Charleville-Mézières",
    "Chartres",
    "Château-Gontier-sur-Mayenne",
    "Château-Thierry",
    "Châteauroux",
    "Châtellerault",
    "Chaumont",
    "Chelles",
    "Chemillé-en-Anjou",
    "Cherbourg-en-Cotentin",
    "Cholet",
    "Clermont-Ferrand",
    "Clichy",
    "Cluses",
    "Cognac",
    "Colmar",
    "Combs-la-Ville",
    "Compiègne",
    "Concarneau",
    "Couëron",
    "Coulommiers",
    "Cournon-d'Auvergne",
    "Creil",
    "Dax",
    "Denain",
    "Dieppe",
    "Digne-les-Bains",
    "Dijon",
    "Dole",
    "Douai",
    "Draguignan",
    "Dreux",
    "Dunkerque",
    "Elbeuf",
    "Épernay",
    "Épinal",
    "Étampes",
    "Évreux",
    "Évry-Courcouronnes",
    "Fécamp",
    "Fontainebleau",
    "Forbach",
    "Fougères",
    "Fréjus",
    "Gaillac",
    "Gap",
    "Goussainville",
    "Grasse",
    "Grenoble",
    "Guérande",
    "Haguenau",
    "Hazebrouck",
    "Hendaye",
    "Hénin-Beaumont",
    "Herblay-sur-Seine",
    "Hyères",
    "Issoire",
    "Istres",
    "La Ciotat",
    "La Crau",
    "La Roche-sur-Yon",
    "La Rochelle",
    "La Teste-de-Buch",
    "Lagny-sur-Marne",
    "Lamballe-Armor",
    "Landerneau",
    "Lannion",
    "Laon",
    "Laval",
    "Le Creusot",
    "Le Havre",
    "Le Mans",
    "Le Puy-en-Velay",
    "Lens",
    "Les Herbiers",
    "Les Mureaux",
    "Les Sables-d'Olonne",
    "Libourne",
    "Lille",
    "Limoges",
    "Lisieux",
    "Loire-Authion",
    "Longwy",
    "Lons-le-Saunier",
    "Lorient",
    "Louviers",
    "Lunel",
    "Lunéville",
    "Lyon",
    "Mâcon",
    "Mandelieu-la-Napoule",
    "Manosque",
    "Mantes-la-Jolie",
    "Marmande",
    "Marseille",
    "Martigues",
    "Maubeuge",
    "Mauges-sur-Loire",
    "Mauguio",
    "Meaux",
    "Melun",
    "Mennecy",
    "Menton",
    "Mérignac",
    "Metz",
    "Meylan",
    "Millau",
    "Mitry-Mory",
    "Mont-de-Marsan",
    "Montaigu-Vendée",
    "Montauban",
    "Montbéliard",
    "Montbrison",
    "Montceau-les-Mines",
    "Montélimar",
    "Montereau-Fault-Yonne",
    "Montluçon",
    "Montpellier",
    "Montreuil",
    "Morlaix",
    "Moulins",
    "Mulhouse",
    "Muret",
    "Nancy",
    "Nanterre",
    "Nantes",
    "Narbonne",
    "Nevers",
    "Nice",
    "Nîmes",
    "Niort",
    "Orange",
    "Orée d'Anjou",
    "Orléans",
    "Oyonnax",
    "Palaiseau",
    "Pamiers",
    "Paris",
    "Pau",
    "Périgueux",
    "Perpignan",
    "Pertuis",
    "Plaisance-du-Touch",
    "Poitiers",
    "Pontarlier",
    "Pontault-Combault",
    "Pornic",
    "Quimper",
    "Rambouillet",
    "Reims",
    "Rennes",
    "Riom",
    "Roanne",
    "Rochefort",
    "Rodez",
    "Romans-sur-Isère",
    "Romorantin-Lanthenay",
    "Rouen",
    "Royan",
    "Rumilly",
    "Saint-Amand-les-Eaux",
    "Saint-Brieuc",
    "Saint-Chamond",
    "Saint-Denis",
    "Saint-Dié-des-Vosges",
    "Saint-Dizier",
    "Saint-Étienne",
    "Saint-Étienne-du-Rouvray",
    "Saint-Germain-en-Laye",
    "Saint-Julien-en-Genevois",
    "Saint-Just-Saint-Rambert",
    "Saint-Lô",
    "Saint-Louis",
    "Saint-Malo",
    "Saint-Maximin-la-Sainte-Baume",
    "Saint-Nazaire",
    "Saint-Quentin",
    "Saintes",
    "Sallanches",
    "Salon-de-Provence",
    "Sarreguemines",
    "Saumur",
    "Savigny-sur-Orge",
    "Sedan",
    "Segré-en-Anjou Bleu",
    "Sélestat",
    "Sens",
    "Sète",
    "Sèvremoine",
    "Soissons",
    "Strasbourg",
    "Tarbes",
    "Thionville",
    "Thonon-les-Bains",
    "Toul",
    "Toulon",
    "Toulouse",
    "Tourcoing",
    "Tours",
    "Trappes",
    "Troyes",
    "Valence",
    "Valenciennes",
    "Valserhône",
    "Vannes",
    "Vaulx-en-Velin",
    "Vence",
    "Vendôme",
    "Vénissieux",
    "Verdun",
    "Vernon",
    "Versailles",
    "Vertou",
    "Vesoul",
    "Vichy",
    "Vienne",
    "Vierzon",
    "Villefranche-sur-Saône",
    "Villemomble",
    "Villenave-d'Ornon",
    "Villeneuve-d'Ascq",
    "Villeneuve-Saint-Georges",
    "Villeneuve-sur-Lot",
    "Villeurbanne",
    "Vire Normandie",
    "Vitré",
    "Vitrolles",
    "Vitry-sur-Seine",
    "Voiron"
  ]
}